ip,datetime,method,request,status,size,referer,browser,Detected
40.77.167.129,2019-01-22 03:56:20+03:30,GET,/image/64815/productModel/150x150,200,3481,-,Mozilla/5.0 (compatible; bingbot/2.0; +http://www.bing.com/bingbot.htm),2.0
66.249.66.194,2019-01-22 03:56:20+03:30,GET,"/m/filter/b2,p6",200,19451,-,"Mozilla/5.0 (Linux; Android 6.0.1; Nexus 5X Build/MMB29P) AppleWebKit/537.36 (KHTML, like Gecko) Chrome/41.0.2272.96 Mobile Safari/537.36 (compatible; Googlebot/2.1; +http://www.google.com/bot.html)",2.0
91.99.72.15,2019-01-22 03:56:20+03:30,GET,/product/32798/63266/%DB%8C%D8%AE%DA%86%D8%A7%D9%84-%D9%81%D8%B1%DB%8C%D8%B2%D8%B1-%D8%B3%DB%8C%D9%86%D8%AC%D8%B1-%D9%85%D8%AF%D9%84-pearl-SR7,200,40250,-,"Mozilla/5.0 (X11; Linux x86_64) AppleWebKit/537.36 (KHTML, like Gecko) Chrome/53.0.2785.92 Safari/537.36",0.0
178.253.33.51,2019-01-22 03:56:20+03:30,GET,/settings/logo,200,4120,https://www.zanbil.ir/m/product/32574/62991/%D9%85%D8%A7%D8%B4%DB%8C%D9%86-%D8%A7%D8%B5%D9%84%D8%A7%D8%AD-%D8%B5%D9%88%D8%B1%D8%AA-%D9%BE%D8%B1%D9%86%D8%B3%D9%84%DB%8C-%D9%85%D8%AF%D9%84-PR465AT,"Mozilla/5.0 (Linux; Android 5.1; HTC Desire 728 dual sim) AppleWebKit/537.36 (KHTML, like Gecko) Chrome/71.0.3578.83 Mobile Safari/537.36",0.0
66.249.66.91,2019-01-22 03:56:20+03:30,GET,/filter/b874%2Cb32%2Cb63%2Cb99%2Cb126%2Cb820%2Cb249%2Cb3%2Cb148%2Cb724%2Cb613%2Cb183%2Cb213%2Cb484%2Cb224%2Cb734%2Cb20%2Cb95%2Cb542%2Cb212%2Cb485%2Cb523%2Cb221%2Cb118%2Cb186%2Cb67?page=4,200,39660,-,Mozilla/5.0 (compatible; Googlebot/2.1; +http://www.google.com/bot.html),2.0
31.56.96.51,2019-01-22 03:56:20+03:30,GET,/image/60819/productModel/200x200,200,7171,https://www.zanbil.ir/m/filter/b113,"Mozilla/5.0 (Linux; Android 6.0; ALE-L21 Build/HuaweiALE-L21) AppleWebKit/537.36 (KHTML, like Gecko) Chrome/66.0.3359.158 Mobile Safari/537.36",0.0
31.56.96.51,2019-01-22 03:56:20+03:30,GET,/image/60847/productModel/200x200,200,5667,https://www.zanbil.ir/m/filter/b113,"Mozilla/5.0 (Linux; Android 6.0; ALE-L21 Build/HuaweiALE-L21) AppleWebKit/537.36 (KHTML, like Gecko) Chrome/66.0.3359.158 Mobile Safari/537.36",0.0
178.253.33.51,2019-01-22 03:56:21+03:30,GET,/image/32574?name=pr465at.jpg&wh=max,200,28825,https://www.zanbil.ir/m/product/32574/62991/%D9%85%D8%A7%D8%B4%DB%8C%D9%86-%D8%A7%D8%B5%D9%84%D8%A7%D8%AD-%D8%B5%D9%88%D8%B1%D8%AA-%D9%BE%D8%B1%D9%86%D8%B3%D9%84%DB%8C-%D9%85%D8%AF%D9%84-PR465AT,"Mozilla/5.0 (Linux; Android 5.1; HTC Desire 728 dual sim) AppleWebKit/537.36 (KHTML, like Gecko) Chrome/71.0.3578.83 Mobile Safari/537.36",0.0
5.78.198.52,2019-01-22 03:56:21+03:30,GET,/m/product/33978/64784/%DA%AF%D9%88%D8%B4%DB%8C-%D9%85%D9%88%D8%A8%D8%A7%DB%8C%D9%84-%D8%B3%D8%A7%D9%85%D8%B3%D9%88%D9%86%DA%AF-%D9%85%D8%AF%D9%84-Galaxy-A9-%282018%29-Dual-128GB-%28SM-A920%29,200,21931,https://www.zanbil.ir/m/browse/cell-phone/%DA%AF%D9%88%D8%B4%DB%8C-%D9%85%D9%88%D8%A8%D8%A7%DB%8C%D9%84,"Mozilla/5.0 (Linux; Android 8.0.0; SAMSUNG SM-G950F Build/R16NW) AppleWebKit/537.36 (KHTML, like Gecko) SamsungBrowser/8.2 Chrome/63.0.3239.111 Mobile Safari/537.36",2.0
178.253.33.51,2019-01-22 03:56:21+03:30,GET,/image/32574?name=pr465at3.jpg&wh=max,200,24001,https://www.zanbil.ir/m/product/32574/62991/%D9%85%D8%A7%D8%B4%DB%8C%D9%86-%D8%A7%D8%B5%D9%84%D8%A7%D8%AD-%D8%B5%D9%88%D8%B1%D8%AA-%D9%BE%D8%B1%D9%86%D8%B3%D9%84%DB%8C-%D9%85%D8%AF%D9%84-PR465AT,"Mozilla/5.0 (Linux; Android 5.1; HTC Desire 728 dual sim) AppleWebKit/537.36 (KHTML, like Gecko) Chrome/71.0.3578.83 Mobile Safari/537.36",0.0
207.46.13.136,2019-01-22 03:56:21+03:30,GET,/product/30649?model=60398,200,41198,-,Mozilla/5.0 (compatible; bingbot/2.0; +http://www.bing.com/bingbot.htm),0.0
91.99.72.15,2019-01-22 03:56:21+03:30,GET,/product/7793/9663/%D9%85%D8%A7%DB%8C%DA%A9%D8%B1%D9%88%D9%81%D8%B1-%D8%B1%D9%88%D9%85%DB%8C%D8%B2%DB%8C-%D8%B3%D8%A7%D9%85%D8%B3%D9%88%D9%86%DA%AF-%D9%85%D8%AF%D9%84-ME201,200,40889,-,"Mozilla/5.0 (X11; Linux x86_64) AppleWebKit/537.36 (KHTML, like Gecko) Chrome/53.0.2785.92 Safari/537.36",0.0
5.78.198.52,2019-01-22 03:56:22+03:30,GET,/settings/logo,200,4120,https://www.zanbil.ir/m/product/33978/64784/%DA%AF%D9%88%D8%B4%DB%8C-%D9%85%D9%88%D8%A8%D8%A7%DB%8C%D9%84-%D8%B3%D8%A7%D9%85%D8%B3%D9%88%D9%86%DA%AF-%D9%85%D8%AF%D9%84-Galaxy-A9-%282018%29-Dual-128GB-%28SM-A920%29,"Mozilla/5.0 (Linux; Android 8.0.0; SAMSUNG SM-G950F Build/R16NW) AppleWebKit/537.36 (KHTML, like Gecko) SamsungBrowser/8.2 Chrome/63.0.3239.111 Mobile Safari/537.36",2.0
66.249.66.194,2019-01-22 03:56:22+03:30,GET,/m/browse/gas-heater/%D8%A8%D8%AE%D8%A7%D8%B1%DB%8C-%DA%AF%D8%A7%D8%B2%DB%8C,200,19162,-,"Mozilla/5.0 (Linux; Android 6.0.1; Nexus 5X Build/MMB29P) AppleWebKit/537.36 (KHTML, like Gecko) Chrome/41.0.2272.96 Mobile Safari/537.36 (compatible; Googlebot/2.1; +http://www.google.com/bot.html)",2.0
66.249.66.194,2019-01-22 03:56:22+03:30,GET,/m/article/608/%D8%B9%D9%84%D8%AA-%D8%B5%D8%AF%D8%A7-%D8%AF%D8%A7%D8%AF%D9%86-%DA%AF%D8%B1%D8%AF%D9%86-%D9%88-%D8%AF%D8%B1%D9%85%D8%A7%D9%86-%D8%A2%D9%86,200,20785,-,"Mozilla/5.0 (Linux; Android 6.0.1; Nexus 5X Build/MMB29P) AppleWebKit/537.36 (KHTML, like Gecko) Chrome/41.0.2272.96 Mobile Safari/537.36 (compatible; Googlebot/2.1; +http://www.google.com/bot.html)",2.0
34.247.132.53,2019-01-22 03:56:22+03:30,GET,/,200,29619,-,"Mozilla/5.0 (Windows NT 10.0; Win64; x64) AppleWebKit/537.36 (KHTML, like Gecko) Chrome/63.0.3239.84 Safari/537.36",2.0
54.36.149.70,2019-01-22 03:56:22+03:30,GET,"/filter/b215,b400,p5686,v1|%D8%B3%D9%81%DB%8C%D8%AF%20%D8%A8%D9%86%D9%81%D8%B4.",200,30673,-,Mozilla/5.0 (compatible; AhrefsBot/6.1; +http://ahrefs.com/robot/),2.0
2.177.12.140,2019-01-22 03:56:22+03:30,GET,/image/61821/productModel/150x150,200,6012,https://www.zanbil.ir/m/product/33606/%D8%AA%D9%84%D9%88%DB%8C%D8%B2%DB%8C%D9%88%D9%86-%D8%A7%D9%84-%D8%A7%DB%8C-%D8%AF%DB%8C-%D8%B3%D8%A7%D9%85%D8%B3%D9%88%D9%86%DA%AF-%D9%85%D8%AF%D9%84-55NU8950-Ultra-HD-4K,Mozilla/5.0 (Android 7.1.1; Mobile; rv:64.0) Gecko/64.0 Firefox/64.0,0.0
2.177.12.140,2019-01-22 03:56:22+03:30,GET,/image/64500/productModel/150x150,200,4890,https://www.zanbil.ir/m/product/33606/%D8%AA%D9%84%D9%88%DB%8C%D8%B2%DB%8C%D9%88%D9%86-%D8%A7%D9%84-%D8%A7%DB%8C-%D8%AF%DB%8C-%D8%B3%D8%A7%D9%85%D8%B3%D9%88%D9%86%DA%AF-%D9%85%D8%AF%D9%84-55NU8950-Ultra-HD-4K,Mozilla/5.0 (Android 7.1.1; Mobile; rv:64.0) Gecko/64.0 Firefox/64.0,0.0
2.177.12.140,2019-01-22 03:56:22+03:30,GET,/image/64643/productModel/150x150,200,5303,https://www.zanbil.ir/m/product/33606/%D8%AA%D9%84%D9%88%DB%8C%D8%B2%DB%8C%D9%88%D9%86-%D8%A7%D9%84-%D8%A7%DB%8C-%D8%AF%DB%8C-%D8%B3%D8%A7%D9%85%D8%B3%D9%88%D9%86%DA%AF-%D9%85%D8%AF%D9%84-55NU8950-Ultra-HD-4K,Mozilla/5.0 (Android 7.1.1; Mobile; rv:64.0) Gecko/64.0 Firefox/64.0,0.0
178.253.33.51,2019-01-22 03:56:23+03:30,GET,/image/32574?name=pr465at1.jpg&wh=max,200,47078,https://www.zanbil.ir/m/product/32574/62991/%D9%85%D8%A7%D8%B4%DB%8C%D9%86-%D8%A7%D8%B5%D9%84%D8%A7%D8%AD-%D8%B5%D9%88%D8%B1%D8%AA-%D9%BE%D8%B1%D9%86%D8%B3%D9%84%DB%8C-%D9%85%D8%AF%D9%84-PR465AT,"Mozilla/5.0 (Linux; Android 5.1; HTC Desire 728 dual sim) AppleWebKit/537.36 (KHTML, like Gecko) Chrome/71.0.3578.83 Mobile Safari/537.36",0.0
66.249.66.194,2019-01-22 03:56:23+03:30,GET,/product/81900,404,32278,-,Mozilla/5.0 (compatible; Googlebot/2.1; +http://www.google.com/bot.html),0.0
2.177.12.140,2019-01-22 03:56:23+03:30,GET,/image/32703/productType/120x90,200,13303,https://www.zanbil.ir/m/product/33606/%D8%AA%D9%84%D9%88%DB%8C%D8%B2%DB%8C%D9%88%D9%86-%D8%A7%D9%84-%D8%A7%DB%8C-%D8%AF%DB%8C-%D8%B3%D8%A7%D9%85%D8%B3%D9%88%D9%86%DA%AF-%D9%85%D8%AF%D9%84-55NU8950-Ultra-HD-4K,Mozilla/5.0 (Android 7.1.1; Mobile; rv:64.0) Gecko/64.0 Firefox/64.0,0.0
2.177.12.140,2019-01-22 03:56:23+03:30,GET,/image/66/productType/120x90,200,10840,https://www.zanbil.ir/m/product/33606/%D8%AA%D9%84%D9%88%DB%8C%D8%B2%DB%8C%D9%88%D9%86-%D8%A7%D9%84-%D8%A7%DB%8C-%D8%AF%DB%8C-%D8%B3%D8%A7%D9%85%D8%B3%D9%88%D9%86%DA%AF-%D9%85%D8%AF%D9%84-55NU8950-Ultra-HD-4K,Mozilla/5.0 (Android 7.1.1; Mobile; rv:64.0) Gecko/64.0 Firefox/64.0,0.0
178.253.33.51,2019-01-22 03:56:24+03:30,GET,/image/32574?name=pr465at2.jpg&wh=max,200,46807,https://www.zanbil.ir/m/product/32574/62991/%D9%85%D8%A7%D8%B4%DB%8C%D9%86-%D8%A7%D8%B5%D9%84%D8%A7%D8%AD-%D8%B5%D9%88%D8%B1%D8%AA-%D9%BE%D8%B1%D9%86%D8%B3%D9%84%DB%8C-%D9%85%D8%AF%D9%84-PR465AT,"Mozilla/5.0 (Linux; Android 5.1; HTC Desire 728 dual sim) AppleWebKit/537.36 (KHTML, like Gecko) Chrome/71.0.3578.83 Mobile Safari/537.36",0.0
2.177.12.140,2019-01-22 03:56:24+03:30,GET,/static/images/amp/blog.png,200,3863,https://www.zanbil.ir/m/product/33606/%D8%AA%D9%84%D9%88%DB%8C%D8%B2%DB%8C%D9%88%D9%86-%D8%A7%D9%84-%D8%A7%DB%8C-%D8%AF%DB%8C-%D8%B3%D8%A7%D9%85%D8%B3%D9%88%D9%86%DA%AF-%D9%85%D8%AF%D9%84-55NU8950-Ultra-HD-4K,Mozilla/5.0 (Android 7.1.1; Mobile; rv:64.0) Gecko/64.0 Firefox/64.0,0.0
2.177.12.140,2019-01-22 03:56:24+03:30,GET,/static/images/amp/instagram.png,200,7146,https://www.zanbil.ir/m/product/33606/%D8%AA%D9%84%D9%88%DB%8C%D8%B2%DB%8C%D9%88%D9%86-%D8%A7%D9%84-%D8%A7%DB%8C-%D8%AF%DB%8C-%D8%B3%D8%A7%D9%85%D8%B3%D9%88%D9%86%DA%AF-%D9%85%D8%AF%D9%84-55NU8950-Ultra-HD-4K,Mozilla/5.0 (Android 7.1.1; Mobile; rv:64.0) Gecko/64.0 Firefox/64.0,0.0
2.177.12.140,2019-01-22 03:56:24+03:30,GET,/static/images/amp/telegram.png,200,4859,https://www.zanbil.ir/m/product/33606/%D8%AA%D9%84%D9%88%DB%8C%D8%B2%DB%8C%D9%88%D9%86-%D8%A7%D9%84-%D8%A7%DB%8C-%D8%AF%DB%8C-%D8%B3%D8%A7%D9%85%D8%B3%D9%88%D9%86%DA%AF-%D9%85%D8%AF%D9%84-55NU8950-Ultra-HD-4K,Mozilla/5.0 (Android 7.1.1; Mobile; rv:64.0) Gecko/64.0 Firefox/64.0,0.0
66.249.66.91,2019-01-22 03:56:24+03:30,GET,/image/63014/productModel/100x100,200,2573,-,Googlebot-Image/1.0,2.0
2.177.12.140,2019-01-22 03:56:25+03:30,GET,/static/images/amp/third-party/footer-mobile.png,200,62894,https://www.zanbil.ir/m/product/33606/%D8%AA%D9%84%D9%88%DB%8C%D8%B2%DB%8C%D9%88%D9%86-%D8%A7%D9%84-%D8%A7%DB%8C-%D8%AF%DB%8C-%D8%B3%D8%A7%D9%85%D8%B3%D9%88%D9%86%DA%AF-%D9%85%D8%AF%D9%84-55NU8950-Ultra-HD-4K,Mozilla/5.0 (Android 7.1.1; Mobile; rv:64.0) Gecko/64.0 Firefox/64.0,0.0
2.177.12.140,2019-01-22 03:56:25+03:30,GET,/image/33618/productType/120x90,200,10695,https://www.zanbil.ir/m/product/33606/%D8%AA%D9%84%D9%88%DB%8C%D8%B2%DB%8C%D9%88%D9%86-%D8%A7%D9%84-%D8%A7%DB%8C-%D8%AF%DB%8C-%D8%B3%D8%A7%D9%85%D8%B3%D9%88%D9%86%DA%AF-%D9%85%D8%AF%D9%84-55NU8950-Ultra-HD-4K,Mozilla/5.0 (Android 7.1.1; Mobile; rv:64.0) Gecko/64.0 Firefox/64.0,0.0
2.177.12.140,2019-01-22 03:56:25+03:30,GET,/image/64272/productModel/150x150,200,3768,https://www.zanbil.ir/m/product/33606/%D8%AA%D9%84%D9%88%DB%8C%D8%B2%DB%8C%D9%88%D9%86-%D8%A7%D9%84-%D8%A7%DB%8C-%D8%AF%DB%8C-%D8%B3%D8%A7%D9%85%D8%B3%D9%88%D9%86%DA%AF-%D9%85%D8%AF%D9%84-55NU8950-Ultra-HD-4K,Mozilla/5.0 (Android 7.1.1; Mobile; rv:64.0) Gecko/64.0 Firefox/64.0,0.0
2.177.12.140,2019-01-22 03:56:26+03:30,GET,/image/64648/productModel/150x150,200,6035,https://www.zanbil.ir/m/product/33606/%D8%AA%D9%84%D9%88%DB%8C%D8%B2%DB%8C%D9%88%D9%86-%D8%A7%D9%84-%D8%A7%DB%8C-%D8%AF%DB%8C-%D8%B3%D8%A7%D9%85%D8%B3%D9%88%D9%86%DA%AF-%D9%85%D8%AF%D9%84-55NU8950-Ultra-HD-4K,Mozilla/5.0 (Android 7.1.1; Mobile; rv:64.0) Gecko/64.0 Firefox/64.0,0.0
5.78.198.52,2019-01-22 03:56:26+03:30,POST,/m/updateVariation?__amp_source_origin=https%3A%2F%2Fwww.zanbil.ir,200,171,https://www.zanbil.ir/m/product/33978/64784/%DA%AF%D9%88%D8%B4%DB%8C-%D9%85%D9%88%D8%A8%D8%A7%DB%8C%D9%84-%D8%B3%D8%A7%D9%85%D8%B3%D9%88%D9%86%DA%AF-%D9%85%D8%AF%D9%84-Galaxy-A9-%282018%29-Dual-128GB-%28SM-A920%29,"Mozilla/5.0 (Linux; Android 8.0.0; SAMSUNG SM-G950F Build/R16NW) AppleWebKit/537.36 (KHTML, like Gecko) SamsungBrowser/8.2 Chrome/63.0.3239.111 Mobile Safari/537.36",2.0
2.177.12.140,2019-01-22 03:56:26+03:30,GET,/image/33419/productType/120x90,200,5341,https://www.zanbil.ir/m/product/33606/%D8%AA%D9%84%D9%88%DB%8C%D8%B2%DB%8C%D9%88%D9%86-%D8%A7%D9%84-%D8%A7%DB%8C-%D8%AF%DB%8C-%D8%B3%D8%A7%D9%85%D8%B3%D9%88%D9%86%DA%AF-%D9%85%D8%AF%D9%84-55NU8950-Ultra-HD-4K,Mozilla/5.0 (Android 7.1.1; Mobile; rv:64.0) Gecko/64.0 Firefox/64.0,0.0
66.249.66.91,2019-01-22 03:56:27+03:30,GET,/filter/b656%2Cb703%2Cb67%2Cb226%2Cb41%2Cb598%2Cb168%2Cb723%2Cb597%2Cb88%2Cb548%2Cb6%2Cb679%2Cb215%2Cb105%2Cb194%2Cb74%2Cb542%2Cb35%2Cb113%2Cb820%2Cb574%2Cb442%2Cb880%2Cb645%2Cb724%2Cb118%2Cb482%2Cb400%2Cb95%2Cb135%2Cb249%2Cb435%2Cb221%2Cb523%2Cb854%2Cb126%2Cstexists%2Cb216%2Cb217%2Cb152%2Cb99%2Cb188%2Cb209%2Cb192%2Cb213%2Cb136%2Cb218%2Cb4%2Cb648%2Cb454%2Cb258%2Cb270%2Cb180?page=40,200,41228,-,Mozilla/5.0 (compatible; Googlebot/2.1; +http://www.google.com/bot.html),2.0
66.249.66.91,2019-01-22 03:56:27+03:30,GET,/image/26027?name=deuter-0760-5234921-1-zoom.jpg&wh=200x200,200,6642,-,Googlebot-Image/1.0,2.0
5.78.198.52,2019-01-22 03:56:27+03:30,POST,/m/updateVariation?__amp_source_origin=https%3A%2F%2Fwww.zanbil.ir,200,171,https://www.zanbil.ir/m/product/33978/64784/%DA%AF%D9%88%D8%B4%DB%8C-%D9%85%D9%88%D8%A8%D8%A7%DB%8C%D9%84-%D8%B3%D8%A7%D9%85%D8%B3%D9%88%D9%86%DA%AF-%D9%85%D8%AF%D9%84-Galaxy-A9-%282018%29-Dual-128GB-%28SM-A920%29,"Mozilla/5.0 (Linux; Android 8.0.0; SAMSUNG SM-G950F Build/R16NW) AppleWebKit/537.36 (KHTML, like Gecko) SamsungBrowser/8.2 Chrome/63.0.3239.111 Mobile Safari/537.36",2.0
89.199.193.251,2019-01-22 03:56:27+03:30,GET,/image/33888?name=model-b2048u-1-.jpg&wh=200x200,200,3975,-,torob/5 CFNetwork/976 Darwin/18.2.0,2.0
66.111.54.249,2019-01-22 03:56:27+03:30,GET,/m/filter/b1%2Cp1?page=1,200,21202,"https://www-zanbil-ir.cdn.ampproject.org/v/s/www.zanbil.ir/m/filter/b1,p1?amp_js_v=0.1&usqp=mq331AQECAEoAQ%3D%3D","Mozilla/5.0 (Linux; Android 5.0; SM-G900H Build/LRX21T) AppleWebKit/537.36 (KHTML, like Gecko) Chrome/39.0.2171.93 Mobile Safari/537.36",2.0
66.249.66.194,2019-01-22 03:56:28+03:30,GET,"/m/filter/b105,b113,b118,b126,b135,b136,b152,b168,b180,b188,b192,b194,b209,b213,b215,b216,b217,b218,b221,b226,b249,b258,b270,b35,b4,b400,b41,b435,b442,b454,b482,b523,b542,b548,b574,b597,b598,b6,b645,b648,b656,b67,b679,b703,b723,b724,b74,b820,b854,b88,b880,b95,b99,stexists",200,26859,-,"Mozilla/5.0 (Linux; Android 6.0.1; Nexus 5X Build/MMB29P) AppleWebKit/537.36 (KHTML, like Gecko) Chrome/41.0.2272.96 Mobile Safari/537.36 (compatible; Googlebot/2.1; +http://www.google.com/bot.html)",2.0
5.78.198.52,2019-01-22 03:56:28+03:30,POST,/m/updateVariation?__amp_source_origin=https%3A%2F%2Fwww.zanbil.ir,200,171,https://www.zanbil.ir/m/product/33978/64784/%DA%AF%D9%88%D8%B4%DB%8C-%D9%85%D9%88%D8%A8%D8%A7%DB%8C%D9%84-%D8%B3%D8%A7%D9%85%D8%B3%D9%88%D9%86%DA%AF-%D9%85%D8%AF%D9%84-Galaxy-A9-%282018%29-Dual-128GB-%28SM-A920%29,"Mozilla/5.0 (Linux; Android 8.0.0; SAMSUNG SM-G950F Build/R16NW) AppleWebKit/537.36 (KHTML, like Gecko) SamsungBrowser/8.2 Chrome/63.0.3239.111 Mobile Safari/537.36",2.0
207.46.13.115,2019-01-22 03:56:29+03:30,GET,/image/45443/productModel/150x150,200,2891,-,Mozilla/5.0 (compatible; bingbot/2.0; +http://www.bing.com/bingbot.htm),2.0
207.46.13.115,2019-01-22 03:56:29+03:30,GET,/image/46131/productModel/100x100,200,1981,-,Mozilla/5.0 (compatible; bingbot/2.0; +http://www.bing.com/bingbot.htm),2.0
5.78.198.52,2019-01-22 03:56:29+03:30,POST,/m/updateVariation?__amp_source_origin=https%3A%2F%2Fwww.zanbil.ir,200,171,https://www.zanbil.ir/m/product/33978/64784/%DA%AF%D9%88%D8%B4%DB%8C-%D9%85%D9%88%D8%A8%D8%A7%DB%8C%D9%84-%D8%B3%D8%A7%D9%85%D8%B3%D9%88%D9%86%DA%AF-%D9%85%D8%AF%D9%84-Galaxy-A9-%282018%29-Dual-128GB-%28SM-A920%29,"Mozilla/5.0 (Linux; Android 8.0.0; SAMSUNG SM-G950F Build/R16NW) AppleWebKit/537.36 (KHTML, like Gecko) SamsungBrowser/8.2 Chrome/63.0.3239.111 Mobile Safari/537.36",2.0
66.111.54.249,2019-01-22 03:56:29+03:30,GET,/static/images/guarantees/goodShopping.png,200,6496,https://www.zanbil.ir/m/filter/b1%2Cp1?page=1,"Mozilla/5.0 (Linux; Android 5.0; SM-G900H Build/LRX21T) AppleWebKit/537.36 (KHTML, like Gecko) Chrome/39.0.2171.93 Mobile Safari/537.36",2.0
66.111.54.249,2019-01-22 03:56:29+03:30,GET,/static/images/guarantees/warranty.png,200,5807,https://www.zanbil.ir/m/filter/b1%2Cp1?page=1,"Mozilla/5.0 (Linux; Android 5.0; SM-G900H Build/LRX21T) AppleWebKit/537.36 (KHTML, like Gecko) Chrome/39.0.2171.93 Mobile Safari/537.36",2.0
66.111.54.249,2019-01-22 03:56:29+03:30,GET,/static/images/guarantees/support.png,200,6454,https://www.zanbil.ir/m/filter/b1%2Cp1?page=1,"Mozilla/5.0 (Linux; Android 5.0; SM-G900H Build/LRX21T) AppleWebKit/537.36 (KHTML, like Gecko) Chrome/39.0.2171.93 Mobile Safari/537.36",2.0
66.111.54.249,2019-01-22 03:56:29+03:30,GET,/static/images/guarantees/bestPrice.png,200,7356,https://www.zanbil.ir/m/filter/b1%2Cp1?page=1,"Mozilla/5.0 (Linux; Android 5.0; SM-G900H Build/LRX21T) AppleWebKit/537.36 (KHTML, like Gecko) Chrome/39.0.2171.93 Mobile Safari/537.36",2.0
173.249.54.67,2019-01-22 03:56:29+03:30,GET,/image/32757?name=eb-x41-4.jpg&wh=200x200,200,3763,-,Dalvik/2.1.0 (Linux; U; Android 8.0.0; PRA-LA1 Build/HONORPRA-LA1),2.0
5.112.52.254,2019-01-22 03:56:29+03:30,GET,/image/1221?name=rs12w.jpg&wh=200x200,200,2856,-,Dalvik/2.1.0 (Linux; U; Android 8.1.0; SM-J530F Build/M1AJQ),2.0
66.111.54.249,2019-01-22 03:56:29+03:30,GET,/static/css/font/wyekan/font.woff,200,28536,https://www.zanbil.ir/m/filter/b1%2Cp1?page=1,"Mozilla/5.0 (Linux; Android 5.0; SM-G900H Build/LRX21T) AppleWebKit/537.36 (KHTML, like Gecko) Chrome/39.0.2171.93 Mobile Safari/537.36",2.0
5.112.52.254,2019-01-22 03:56:29+03:30,GET,/image/32837?name=des-3600-1111.jpg&wh=200x200,200,3323,-,Dalvik/2.1.0 (Linux; U; Android 8.1.0; SM-J530F Build/M1AJQ),2.0
207.46.13.115,2019-01-22 03:56:29+03:30,GET,/image/553/article/100x100,200,11229,-,Mozilla/5.0 (compatible; bingbot/2.0; +http://www.bing.com/bingbot.htm),2.0
66.111.54.249,2019-01-22 03:56:29+03:30,GET,/static/images/guarantees/fastDelivery.png,200,7713,https://www.zanbil.ir/m/filter/b1%2Cp1?page=1,"Mozilla/5.0 (Linux; Android 5.0; SM-G900H Build/LRX21T) AppleWebKit/537.36 (KHTML, like Gecko) Chrome/39.0.2171.93 Mobile Safari/537.36",2.0
66.249.66.194,2019-01-22 03:56:29+03:30,GET,/product/4057/47/78306,200,41398,-,Mozilla/5.0 (compatible; Googlebot/2.1; +http://www.google.com/bot.html),0.0
173.249.54.67,2019-01-22 03:56:30+03:30,GET,/image/28893?name=1450677370thumb.jpg&wh=200x200,200,3862,-,Dalvik/2.1.0 (Linux; U; Android 8.0.0; PRA-LA1 Build/HONORPRA-LA1),2.0
31.56.96.51,2019-01-22 03:56:32+03:30,GET,/static/images/amp/telegram.png,200,4859,https://www.zanbil.ir/m/filter/b113,"Mozilla/5.0 (Linux; Android 6.0; ALE-L21 Build/HuaweiALE-L21) AppleWebKit/537.36 (KHTML, like Gecko) Chrome/66.0.3359.158 Mobile Safari/537.36",0.0
31.56.96.51,2019-01-22 03:56:32+03:30,GET,/static/images/amp/blog.png,200,3863,https://www.zanbil.ir/m/filter/b113,"Mozilla/5.0 (Linux; Android 6.0; ALE-L21 Build/HuaweiALE-L21) AppleWebKit/537.36 (KHTML, like Gecko) Chrome/66.0.3359.158 Mobile Safari/537.36",0.0
207.46.13.115,2019-01-22 03:56:32+03:30,GET,/image/6471/productModel/100x100,200,2007,-,Mozilla/5.0 (compatible; bingbot/2.0; +http://www.bing.com/bingbot.htm),2.0
5.78.198.52,2019-01-22 03:56:32+03:30,POST,/m/updateVariation?__amp_source_origin=https%3A%2F%2Fwww.zanbil.ir,200,171,https://www.zanbil.ir/m/product/33978/64784/%DA%AF%D9%88%D8%B4%DB%8C-%D9%85%D9%88%D8%A8%D8%A7%DB%8C%D9%84-%D8%B3%D8%A7%D9%85%D8%B3%D9%88%D9%86%DA%AF-%D9%85%D8%AF%D9%84-Galaxy-A9-%282018%29-Dual-128GB-%28SM-A920%29,"Mozilla/5.0 (Linux; Android 8.0.0; SAMSUNG SM-G950F Build/R16NW) AppleWebKit/537.36 (KHTML, like Gecko) SamsungBrowser/8.2 Chrome/63.0.3239.111 Mobile Safari/537.36",2.0
2.179.141.98,2019-01-22 03:56:32+03:30,POST,"/ajaxFilter/p65,b1?page=1",200,5409,"https://www.zanbil.ir/filter/p65,b1?page=0","Mozilla/5.0 (Windows NT 6.1) AppleWebKit/537.36 (KHTML, like Gecko) Chrome/71.0.3578.98 Safari/537.36",2.0
2.179.141.98,2019-01-22 03:56:32+03:30,GET,/static/js/accordion.js?_=1548117035128,200,258,"https://www.zanbil.ir/filter/p65,b1?page=0","Mozilla/5.0 (Windows NT 6.1) AppleWebKit/537.36 (KHTML, like Gecko) Chrome/71.0.3578.98 Safari/537.36",0.0
5.78.198.52,2019-01-22 03:56:33+03:30,POST,/m/updateVariation?__amp_source_origin=https%3A%2F%2Fwww.zanbil.ir,200,171,https://www.zanbil.ir/m/product/33978/64784/%DA%AF%D9%88%D8%B4%DB%8C-%D9%85%D9%88%D8%A8%D8%A7%DB%8C%D9%84-%D8%B3%D8%A7%D9%85%D8%B3%D9%88%D9%86%DA%AF-%D9%85%D8%AF%D9%84-Galaxy-A9-%282018%29-Dual-128GB-%28SM-A920%29,"Mozilla/5.0 (Linux; Android 8.0.0; SAMSUNG SM-G950F Build/R16NW) AppleWebKit/537.36 (KHTML, like Gecko) SamsungBrowser/8.2 Chrome/63.0.3239.111 Mobile Safari/537.36",2.0
91.99.72.15,2019-01-22 03:56:34+03:30,GET,/product/29080?model=58289,200,41308,-,"Mozilla/5.0 (X11; Linux x86_64) AppleWebKit/537.36 (KHTML, like Gecko) Chrome/53.0.2785.92 Safari/537.36",0.0
5.78.198.52,2019-01-22 03:56:34+03:30,POST,/m/updateVariation?__amp_source_origin=https%3A%2F%2Fwww.zanbil.ir,200,394,https://www.zanbil.ir/m/product/33978/64784/%DA%AF%D9%88%D8%B4%DB%8C-%D9%85%D9%88%D8%A8%D8%A7%DB%8C%D9%84-%D8%B3%D8%A7%D9%85%D8%B3%D9%88%D9%86%DA%AF-%D9%85%D8%AF%D9%84-Galaxy-A9-%282018%29-Dual-128GB-%28SM-A920%29,"Mozilla/5.0 (Linux; Android 8.0.0; SAMSUNG SM-G950F Build/R16NW) AppleWebKit/537.36 (KHTML, like Gecko) SamsungBrowser/8.2 Chrome/63.0.3239.111 Mobile Safari/537.36",2.0
54.36.148.87,2019-01-22 03:56:34+03:30,GET,/filter/p65%2Cv1%7C%D9%86%D9%82%D8%B1%D9%87%20%D8%A7%DB%8C.%2C6315%7C%D8%AA%D8%AE%D8%AA%20%28%20Flat%20%29?o=6315,302,0,-,Mozilla/5.0 (compatible; AhrefsBot/6.1; +http://ahrefs.com/robot/),2.0
17.58.102.43,2019-01-22 03:56:35+03:30,GET,/filter/b571%2Cb288%2Cb70%2Cb57%2Cb6%2Cb355%2Cb485%2Cb87%2Cb551%2Cb148,200,37759,-,"Mozilla/5.0 (Macintosh; Intel Mac OS X 10_10_1) AppleWebKit/600.2.5 (KHTML, like Gecko) Version/8.0.2 Safari/600.2.5 (Applebot/0.1; +http://www.apple.com/go/applebot)",2.0
91.99.72.15,2019-01-22 03:56:35+03:30,GET,/product/30472/60169/%D8%B9%D8%B7%D8%B1-%D9%88-%D8%A7%D8%AF%DA%A9%D9%84%D9%86-%D8%B2%D9%86%D8%A7%D9%86%D9%87-%D8%AF%DB%8C%D9%88%D8%B1-%D9%85%D8%AF%D9%84-Poison-Girl,200,42242,-,Mozilla/5.0 (Windows NT 6.2; Win64; x64; rv:16.0)Gecko/16.0 Firefox/16.0,0.0
66.249.66.194,2019-01-22 03:56:35+03:30,GET,/m/product/17369/48780/%DB%8C%D8%AE%DA%86%D8%A7%D9%84-%D9%81%D8%B1%DB%8C%D8%B2%D8%B1-%DA%86%D9%87%D8%A7%D8%B1-%D8%AF%D8%B1%D8%A8-%D9%87%D8%A7%DB%8C%D8%B3%D9%86%D8%B3-%D9%85%D8%AF%D9%84-RQ-56WC4SAB,200,20863,-,"Mozilla/5.0 (Linux; Android 6.0.1; Nexus 5X Build/MMB29P) AppleWebKit/537.36 (KHTML, like Gecko) Chrome/41.0.2272.96 Mobile Safari/537.36 (compatible; Googlebot/2.1; +http://www.google.com/bot.html)",2.0
66.249.66.194,2019-01-22 03:56:35+03:30,GET,"/m/filter/b1,b103,b126,b136,b143,b148,b183,b185,b188,b192,b198,b20,b202,b216,b218,b221,b226,b236,b249,b256,b261,b270,b3,b308,b32,b36,b4,b41,b42,b43,b441,b454,b481,b484,b523,b548,b570,b573,b598,b6,b613,b614,b63,b647,b651,b701,b703,b874,b879,b88,b880,b883,b890,b900,b903,b99,stexists",200,27284,-,"Mozilla/5.0 (Linux; Android 6.0.1; Nexus 5X Build/MMB29P) AppleWebKit/537.36 (KHTML, like Gecko) Chrome/41.0.2272.96 Mobile Safari/537.36 (compatible; Googlebot/2.1; +http://www.google.com/bot.html)",2.0
2.177.12.140,2019-01-22 03:56:36+03:30,GET,/image/62423/productModel/150x150,200,4911,https://www.zanbil.ir/m/product/33606/%D8%AA%D9%84%D9%88%DB%8C%D8%B2%DB%8C%D9%88%D9%86-%D8%A7%D9%84-%D8%A7%DB%8C-%D8%AF%DB%8C-%D8%B3%D8%A7%D9%85%D8%B3%D9%88%D9%86%DA%AF-%D9%85%D8%AF%D9%84-55NU8950-Ultra-HD-4K,Mozilla/5.0 (Android 7.1.1; Mobile; rv:64.0) Gecko/64.0 Firefox/64.0,0.0
91.99.72.15,2019-01-22 03:56:37+03:30,GET,/product/14496/25676/%D8%B3%D8%B1-%D8%B4%D9%88%D8%B1-%D8%A2%D8%B1%DB%8C%D8%A7-%D8%B5%D9%86%D8%B9%D8%AA-%D9%85%D8%AF%D9%84-SN-3270,200,40134,-,"Mozilla/5.0 (Windows NT 6.1; WOW64) AppleWebKit/535.7(KHTML, like Gecko) Chrome/16.0.912.36 Safari/535.7",2.0
51.15.15.54,2019-01-22 03:56:38+03:30,GET,/blog/tag/%DA%AF%D8%AC%D8%AA/,200,21391,-,Barkrowler/0.9 (+http://www.exensa.com/crawl),2.0
91.99.72.15,2019-01-22 03:56:38+03:30,GET,/product/21891/46412/%D8%B5%D9%86%D8%AF%D9%84%DB%8C-%D9%85%D8%A7%D8%B3%D8%A7%DA%98%D9%88%D8%B1-rain-sport-%D9%85%D8%AF%D9%84-RK-2106b,200,41561,-,"Mozilla/5.0 (Macintosh; Intel Mac OS X 10_7_3) AppleWebKit/534.55.3 (KHTML, like Gecko) Version/5.1.3 Safari/534.53.10",2.0
2.177.12.140,2019-01-22 03:56:38+03:30,GET,/image/62178/productModel/150x150,200,5005,https://www.zanbil.ir/m/product/33606/%D8%AA%D9%84%D9%88%DB%8C%D8%B2%DB%8C%D9%88%D9%86-%D8%A7%D9%84-%D8%A7%DB%8C-%D8%AF%DB%8C-%D8%B3%D8%A7%D9%85%D8%B3%D9%88%D9%86%DA%AF-%D9%85%D8%AF%D9%84-55NU8950-Ultra-HD-4K,Mozilla/5.0 (Android 7.1.1; Mobile; rv:64.0) Gecko/64.0 Firefox/64.0,0.0
2.177.12.140,2019-01-22 03:56:38+03:30,GET,/image/64498/productModel/150x150,200,4890,https://www.zanbil.ir/m/product/33606/%D8%AA%D9%84%D9%88%DB%8C%D8%B2%DB%8C%D9%88%D9%86-%D8%A7%D9%84-%D8%A7%DB%8C-%D8%AF%DB%8C-%D8%B3%D8%A7%D9%85%D8%B3%D9%88%D9%86%DA%AF-%D9%85%D8%AF%D9%84-55NU8950-Ultra-HD-4K,Mozilla/5.0 (Android 7.1.1; Mobile; rv:64.0) Gecko/64.0 Firefox/64.0,0.0
66.249.66.91,2019-01-22 03:56:38+03:30,GET,/filter/b481%2Cb874%2Cb226%2Cb570%2Cb598%2Cstexists%2Cb880%2Cb270%2Cb883%2Cb99%2Cb261%2Cb249%2Cb20%2Cb701%2Cb723%2Cb198%2Cb35%2Cb548%2Cb183%2Cb103%2Cb1%2Cb126%2Cb523%2Cb192%2Cb890%2Cb236%2Cb256%2Cb74%2Cb209%2Cb651%2Cb41%2Cb202%2Cb647%2Cb613%2Cb238%2Cb6%2Cb36%2Cb3%2Cb216%2Cb218%2Cb95%2Cb882%2Cb186%2Cb32%2Cb194%2Cb188%2Cb795%2Cb67%2Cb231%2Cb573%2Cb542%2Cb596%2Cb215%2Cb619%2Cb125?page=1,200,41218,-,Mozilla/5.0 (compatible; Googlebot/2.1; +http://www.google.com/bot.html),2.0
31.56.96.51,2019-01-22 03:56:38+03:30,GET,/static/images/amp/third-party/footer-mobile.png,200,62894,https://www.zanbil.ir/m/filter/b113,"Mozilla/5.0 (Linux; Android 6.0; ALE-L21 Build/HuaweiALE-L21) AppleWebKit/537.36 (KHTML, like Gecko) Chrome/66.0.3359.158 Mobile Safari/537.36",0.0
54.36.149.17,2019-01-22 03:56:38+03:30,GET,/product/30972/84309,200,41524,-,Mozilla/5.0 (compatible; AhrefsBot/6.1; +http://ahrefs.com/robot/),0.0
66.249.66.91,2019-01-22 03:56:39+03:30,GET,/filter/b656%2Cb703%2Cb67%2Cb226%2Cb41%2Cb598%2Cb168%2Cb723%2Cb597%2Cb88%2Cb548%2Cb6%2Cb679%2Cb215%2Cb105%2Cb194%2Cb74%2Cb542%2Cb35%2Cb113%2Cb820%2Cb574%2Cb442%2Cb880%2Cb645%2Cb724%2Cb118%2Cb482%2Cb400%2Cb95%2Cb135%2Cb249%2Cb435%2Cb221%2Cb523%2Cb854%2Cb126%2Cstexists%2Cb216%2Cb217%2Cb152%2Cb99%2Cb188%2Cb209%2Cb192%2Cb213%2Cb136%2Cb218%2Cb4%2Cb648%2Cb454%2Cb258%2Cb270%2Cb180?page=45,200,41513,-,Mozilla/5.0 (compatible; Googlebot/2.1; +http://www.google.com/bot.html),2.0
5.62.206.249,2019-01-22 03:56:40+03:30,GET,/image/34187?name=m12a-1.jpg&wh=200x200,200,5603,-,Dalvik/2.1.0 (Linux; U; Android 6.0.1; SM-J710F Build/MMB29K),2.0
2.179.141.98,2019-01-22 03:56:40+03:30,POST,"/ajaxFilter/p65,b1?page=2",200,5092,"https://www.zanbil.ir/filter/p65,b1?page=1","Mozilla/5.0 (Windows NT 6.1) AppleWebKit/537.36 (KHTML, like Gecko) Chrome/71.0.3578.98 Safari/537.36",2.0
66.249.66.194,2019-01-22 03:56:40+03:30,GET,/product/34024/64843/%DB%8C%D8%AE%DA%86%D8%A7%D9%84-%D9%81%D8%B1%DB%8C%D8%B2%D8%B1-%D9%81%D8%B1%DB%8C%D8%B2%D8%B1-%D9%BE%D8%A7%DB%8C%DB%8C%D9%86-%D8%AF%D9%88%D9%88-%D9%85%D8%AF%D9%84-Ultimo-SR-D2LW,200,43526,-,Mozilla/5.0 (compatible; Googlebot/2.1; +http://www.google.com/bot.html),0.0
54.36.148.32,2019-01-22 03:56:47+03:30,GET,/product/14934/75047,200,44428,-,Mozilla/5.0 (compatible; AhrefsBot/6.1; +http://ahrefs.com/robot/),2.0
54.36.149.35,2019-01-22 03:56:47+03:30,GET,"/filter/p10143,stexists,v1|%D9%85%D8%B4%DA%A9%DB%8C",200,29665,-,Mozilla/5.0 (compatible; AhrefsBot/6.1; +http://ahrefs.com/robot/),2.0
207.46.13.104,2019-01-22 03:56:47+03:30,GET,/image/28874?name=h-br515xxxx.jpg&wh=max,200,9689,-,Mozilla/5.0 (compatible; bingbot/2.0; +http://www.bing.com/bingbot.htm),2.0
66.249.66.194,2019-01-22 03:56:48+03:30,GET,/product/22706/%D8%B3%D8%A7%D8%B9%D8%AA-%D9%88%D8%B1%D8%B2%D8%B4%DB%8C-%D8%BA%D9%88%D8%A7%D8%B5%DB%8C-CHRIS-BENZ-%D9%85%D8%AF%D9%84-CBD.SI.KBS,200,41552,-,Googlebot-Image/1.0,2.0
66.249.66.91,2019-01-22 03:56:48+03:30,GET,/filter/b656%2Cb703%2Cb32%2Cb67%2Cb226%2Cb41%2Cb598%2Cb168%2Cb723%2Cb597%2Cb88%2Cb548%2Cb6%2Cb679%2Cb215%2Cb105%2Cb194%2Cb74%2Cb542%2Cb35%2Cb113%2Cb820%2Cb574%2Cb442%2Cb645%2Cb724%2Cb118%2Cb482%2Cb400%2Cb95%2Cb135%2Cb249%2Cb221%2Cb523%2Cb854%2Cb126%2Cstexists%2Cb216%2Cb217%2Cb152%2Cb99%2Cb188%2Cb209%2Cb192%2Cb213%2Cb136%2Cb218%2Cb4%2Cb648%2Cb454%2Cb435%2Cb261%2Cb147?page=50,200,41332,-,Mozilla/5.0 (compatible; Googlebot/2.1; +http://www.google.com/bot.html),2.0
172.20.2.174,2019-01-22 03:56:49+03:30,GET,/site/ping,200,4,-,-,0.0
5.160.157.20,2019-01-22 03:56:49+03:30,GET,/browse/blu-ray,301,178,-,Mozilla/5.0 (Windows NT 5.1; rv:8.0) Gecko/20100101 Firefox/8.0,2.0
5.160.157.20,2019-01-22 03:56:49+03:30,GET,/filter?f=p12129&page=21,301,178,-,Mozilla/5.0 (Windows NT 5.1; rv:8.0) Gecko/20100101 Firefox/8.0,2.0
66.249.66.194,2019-01-22 03:56:49+03:30,GET,/m/browse/electric-shavers/%D9%85%D8%A7%D8%B4%DB%8C%D9%86-%D8%A7%D8%B5%D9%84%D8%A7%D8%AD,200,20827,-,"Mozilla/5.0 (Linux; Android 6.0.1; Nexus 5X Build/MMB29P) AppleWebKit/537.36 (KHTML, like Gecko) Chrome/41.0.2272.96 Mobile Safari/537.36 (compatible; Googlebot/2.1; +http://www.google.com/bot.html)",2.0
5.78.198.52,2019-01-22 03:56:49+03:30,GET,/m/filter/p62?page=1,200,19265,https://www.zanbil.ir/m/browse/cell-phone/%DA%AF%D9%88%D8%B4%DB%8C-%D9%85%D9%88%D8%A8%D8%A7%DB%8C%D9%84,"Mozilla/5.0 (Linux; Android 8.0.0; SAMSUNG SM-G950F Build/R16NW) AppleWebKit/537.36 (KHTML, like Gecko) SamsungBrowser/8.2 Chrome/63.0.3239.111 Mobile Safari/537.36",2.0
66.249.66.91,2019-01-22 03:56:50+03:30,GET,/filter/b481%2Cb226%2Cb570%2Cb80%2Cb270%2Cb903%2Cb883%2Cb99%2Cb152%2Cb249%2Cb20%2Cb701%2Cb723%2Cb42%2Cb198%2Cb35%2Cb183%2Cb219%2Cb308%2Cb126%2Cb523%2Cb900%2Cb188%2Cb703%2Cb890%2Cb148%2Cb236%2Cb256%2Cb74%2Cb400%2Cb209%2Cb19%2Cb651%2Cb202%2Cb4%2Cb22%2Cb238%2Cb6%2Cb596%2Cb143%2Cb877%2Cb485%2Cb221%2Cb194%2Cb136%2Cb647%2Cb497%2Cb546%2Cb105%2Cb185%2Cb95%2Cb568%2Cb151%2Cb88%2Cb597%2Cb820%2Cb103%2Cb613%2Cb880%2Cb36%2Cb212%2Cb542%2Cb213%2Cb186?page=10,200,42101,-,Mozilla/5.0 (compatible; Googlebot/2.1; +http://www.google.com/bot.html),2.0
5.78.198.52,2019-01-22 03:56:50+03:30,GET,/settings/logo,200,4120,https://www.zanbil.ir/m/filter/p62?page=1,"Mozilla/5.0 (Linux; Android 8.0.0; SAMSUNG SM-G950F Build/R16NW) AppleWebKit/537.36 (KHTML, like Gecko) SamsungBrowser/8.2 Chrome/63.0.3239.111 Mobile Safari/537.36",2.0
5.211.97.39,2019-01-22 03:56:50+03:30,GET,/m/browse/food-preparation/%D8%A2%D9%85%D8%A7%D8%AF%D9%87-%D8%B3%D8%A7%D8%B2%DB%8C-%D8%BA%D8%B0%D8%A7,200,16726,https://www.zanbil.ir/m/browse/cooking-tools/%D9%BE%D8%AE%D8%AA-%D9%88-%D9%BE%D8%B2,"Mozilla/5.0 (iPhone; CPU iPhone OS 10_3_2 like Mac OS X) AppleWebKit/603.2.4 (KHTML, like Gecko) Version/10.0 Mobile/14F89 Safari/602.1",2.0
5.78.198.52,2019-01-22 03:56:50+03:30,GET,/image/57737/productModel/200x200,200,4361,https://www.zanbil.ir/m/filter/p62?page=1,"Mozilla/5.0 (Linux; Android 8.0.0; SAMSUNG SM-G950F Build/R16NW) AppleWebKit/537.36 (KHTML, like Gecko) SamsungBrowser/8.2 Chrome/63.0.3239.111 Mobile Safari/537.36",2.0
5.78.198.52,2019-01-22 03:56:50+03:30,GET,/image/55109/productModel/200x200,200,4313,https://www.zanbil.ir/m/filter/p62?page=1,"Mozilla/5.0 (Linux; Android 8.0.0; SAMSUNG SM-G950F Build/R16NW) AppleWebKit/537.36 (KHTML, like Gecko) SamsungBrowser/8.2 Chrome/63.0.3239.111 Mobile Safari/537.36",2.0
5.211.97.39,2019-01-22 03:56:50+03:30,GET,/settings/logo,200,4120,https://www.zanbil.ir/m/browse/food-preparation/%D8%A2%D9%85%D8%A7%D8%AF%D9%87-%D8%B3%D8%A7%D8%B2%DB%8C-%D8%BA%D8%B0%D8%A7,"Mozilla/5.0 (iPhone; CPU iPhone OS 10_3_2 like Mac OS X) AppleWebKit/603.2.4 (KHTML, like Gecko) Version/10.0 Mobile/14F89 Safari/602.1",0.0
5.78.198.52,2019-01-22 03:56:50+03:30,GET,/image/61936/productModel/200x200,200,5953,https://www.zanbil.ir/m/filter/p62?page=1,"Mozilla/5.0 (Linux; Android 8.0.0; SAMSUNG SM-G950F Build/R16NW) AppleWebKit/537.36 (KHTML, like Gecko) SamsungBrowser/8.2 Chrome/63.0.3239.111 Mobile Safari/537.36",2.0
5.211.97.39,2019-01-22 03:56:50+03:30,HEAD,/amp_preconnect_polyfill_404_or_other_error_expected._Do_not_worry_about_it?1548117000000,404,0,https://www.zanbil.ir/m/browse/food-preparation/%D8%A2%D9%85%D8%A7%D8%AF%D9%87-%D8%B3%D8%A7%D8%B2%DB%8C-%D8%BA%D8%B0%D8%A7,"Mozilla/5.0 (iPhone; CPU iPhone OS 10_3_2 like Mac OS X) AppleWebKit/603.2.4 (KHTML, like Gecko) Version/10.0 Mobile/14F89 Safari/602.1",2.0
5.78.198.52,2019-01-22 03:56:50+03:30,GET,/image/52485/productModel/200x200,200,5064,https://www.zanbil.ir/m/filter/p62?page=1,"Mozilla/5.0 (Linux; Android 8.0.0; SAMSUNG SM-G950F Build/R16NW) AppleWebKit/537.36 (KHTML, like Gecko) SamsungBrowser/8.2 Chrome/63.0.3239.111 Mobile Safari/537.36",2.0
91.99.72.15,2019-01-22 03:56:50+03:30,GET,/product/32257/62557/%D8%B9%D8%B7%D8%B1-%D9%88-%D8%A7%D8%AF%DA%A9%D9%84%D9%86-%D9%85%D8%B4%D8%AA%D8%B1%DA%A9-Marc-Joseph-%D9%85%D8%AF%D9%84-Vetiver-Story,200,41176,-,"Mozilla/5.0 (Macintosh; Intel Mac OS X 10_7_3) AppleWebKit/534.55.3 (KHTML, like Gecko) Version/5.1.3 Safari/534.53.10",0.0
54.36.148.161,2019-01-22 03:56:50+03:30,GET,/filter/p28%2Cv1%7C%D8%B3%D9%81%DB%8C%D8%AF%20%D9%82%D8%B1%D9%85%D8%B2?o=v1,302,0,-,Mozilla/5.0 (compatible; AhrefsBot/6.1; +http://ahrefs.com/robot/),2.0
66.249.66.91,2019-01-22 03:56:51+03:30,GET,/filter/b481%2Cb226%2Cb570%2Cb598%2Cstexists%2Cb270%2Cb903%2Cb883%2Cb99%2Cb261%2Cb249%2Cb20%2Cb701%2Cb42%2Cb879%2Cb198%2Cb548%2Cb183%2Cb88%2Cb219%2Cb103%2Cb1%2Cb126%2Cb523%2Cb900%2Cb192%2Cb703%2Cb890%2Cb148%2Cb236%2Cb256%2Cb651%2Cb41%2Cb202%2Cb647%2Cb4%2Cb22%2Cb613%2Cb238%2Cb6%2Cb221%2Cb36%2Cb614%2Cb3%2Cb216%2Cb218%2Cb43%2Cb125%2Cp1%2Cp32553?page=35,200,32397,-,Mozilla/5.0 (compatible; Googlebot/2.1; +http://www.google.com/bot.html),2.0
66.249.66.194,2019-01-22 03:56:51+03:30,GET,/product/26694/61119/%D8%AF%D9%88%DA%86%D8%B1%D8%AE%D9%87-%DA%A9%D9%88%D9%87%D8%B3%D8%AA%D8%A7%D9%86-%D9%81%D9%88%D8%AC%DB%8C-%D9%85%D8%AF%D9%84-NEVADA-1.7-%282016%29,200,41524,-,Mozilla/5.0 (compatible; Googlebot/2.1; +http://www.google.com/bot.html),0.0
157.55.39.245,2019-01-22 03:56:51+03:30,GET,"/filter/b1,b103,b105,b111,b122,b130,b212,b552,b68,b718,b98",200,38051,-,Mozilla/5.0 (compatible; bingbot/2.0; +http://www.bing.com/bingbot.htm),2.0
66.111.54.249,2019-01-22 03:56:51+03:30,GET,/image/31485/productModel/200x200,200,3261,https://www.zanbil.ir/m/browse/refrigerator-and-freezer/%DB%8C%D8%AE%DA%86%D8%A7%D9%84-%D9%81%D8%B1%DB%8C%D8%B2%D8%B1,"Mozilla/5.0 (Linux; Android 5.0; SM-G900H Build/LRX21T) AppleWebKit/537.36 (KHTML, like Gecko) Chrome/39.0.2171.93 Mobile Safari/537.36",2.0
66.111.54.249,2019-01-22 03:56:51+03:30,GET,/image/50995/productModel/200x200,200,2244,https://www.zanbil.ir/m/browse/refrigerator-and-freezer/%DB%8C%D8%AE%DA%86%D8%A7%D9%84-%D9%81%D8%B1%DB%8C%D8%B2%D8%B1,"Mozilla/5.0 (Linux; Android 5.0; SM-G900H Build/LRX21T) AppleWebKit/537.36 (KHTML, like Gecko) Chrome/39.0.2171.93 Mobile Safari/537.36",2.0
66.111.54.249,2019-01-22 03:56:51+03:30,GET,/image/64431/productModel/200x200,200,4227,https://www.zanbil.ir/m/browse/refrigerator-and-freezer/%DB%8C%D8%AE%DA%86%D8%A7%D9%84-%D9%81%D8%B1%DB%8C%D8%B2%D8%B1,"Mozilla/5.0 (Linux; Android 5.0; SM-G900H Build/LRX21T) AppleWebKit/537.36 (KHTML, like Gecko) Chrome/39.0.2171.93 Mobile Safari/537.36",2.0
66.111.54.249,2019-01-22 03:56:51+03:30,GET,/image/65362/productModel/200x200,200,3776,https://www.zanbil.ir/m/browse/refrigerator-and-freezer/%DB%8C%D8%AE%DA%86%D8%A7%D9%84-%D9%81%D8%B1%DB%8C%D8%B2%D8%B1,"Mozilla/5.0 (Linux; Android 5.0; SM-G900H Build/LRX21T) AppleWebKit/537.36 (KHTML, like Gecko) Chrome/39.0.2171.93 Mobile Safari/537.36",2.0
173.249.54.67,2019-01-22 03:56:51+03:30,GET,/image/34185?name=mfp-m130a-1.jpg&wh=200x200,200,5395,-,Dalvik/2.1.0 (Linux; U; Android 8.0.0; PRA-LA1 Build/HONORPRA-LA1),2.0
91.99.72.15,2019-01-22 03:56:52+03:30,GET,/product/2623?model=2699,200,43555,-,"Mozilla/5.0 (Windows NT 6.1; WOW64) AppleWebKit/535.7(KHTML, like Gecko) Chrome/16.0.912.36 Safari/535.7",2.0
207.46.13.136,2019-01-22 03:56:53+03:30,GET,/filter/b152%2Cp1%2Cb144%2Cb880,200,38190,-,Mozilla/5.0 (compatible; bingbot/2.0; +http://www.bing.com/bingbot.htm),2.0
